<assembly
        xmlns="http://maven.apache.org/plugins/maven-assembly-plugin/assembly/1.1.2"
        xmlns:xsi="http://www.w3.org/2001/XMLSchema-instance"
        xsi:schemaLocation="http://maven.apache.org/plugins/maven-assembly-plugin/assembly/1.1.2 http://maven.apache.org/xsd/assembly-1.1.2.xsd">
    <id>bundle</id>

    <formats>
        <format>zip</format>
    </formats>

    <fileSets>
        <fileSet>
            <includes>
                <include>description.yaml</include>
                <include>transform.py</include>
            </includes>
        </fileSet>
    </fileSets>

    <includeBaseDirectory>false</includeBaseDirectory>
</assembly>
